{
  "0x6bc40d4099f9057b23af309c08d935b890d7adc0": 91.15342307517122,
  "0x1aed7acb3191f04fa067eb3df340eaef45d56ea3": 108.54687953793103,
  "0xe71e69c8b8c31a97c8e8ca65bffc95089b477858": -29.08280011987897,
  "0x8ac4855b59ce5227d343983f73a4c14ff6241b4c": -68.06813085924766,
  "0x1e466ced2a1a68d590572b709e9ac18a044def02": -66.13249600457259,
  "0x66d088fefddcdc4aa43692f8a5c9f084c891e878": -43.12534445275966,
  "0xbf18e270b0469844c9d26736c3054e2762dda2c5": 124.00782151016436,
  "0xd3b3bcedd4124f51382ad3c9efd45b7ec05f2072": 4.839550125339195,
  "0x1259b4acbc0f52c781518f3ef50e44ba690908a2": 2021.7676914775673,
  "0x126e288fd6a5191d1ad657e0ff7be582cbb9d00b": 29.14764134519779,
  "0x13ff1b69940714b9e471e7a010cb883312ebf1cc": -59.60689766971794,
  "0x5329b3ace2062e30830e5e109862396883074b2a": -51.49164623742656,
  "0x19b90f8c987668c1da632f5044648c80cce4e458": -1.9699512077579115,
  "0x04d7dc53059cc6e79384558caefb7fe5d1eaf93b": 110.73397248622803,
  "0x347bff622f5e1f770538267a0edc4f2915cde5c5": 419.2358634097565,
  "0x1e88528f36a1427fa09922abbf49467fb92971fe": 6.3194146370170845,
  "0xc31e1acdb5cfa5fe989b0c69915a9d0d87daa792": 2081.744257539491,
  "0xe5b2394b050bcba2e9b0f04602a178e710431f69": 2081.744257539491,
  "0xabd9ef7183a22fdf0caed1915b06624a967ef587": 372.3004893943145,
  "0x5bddc640ba96c4df3dad3a6d64012469a778cc9c": 27.90129023526155,
  "0x0455deeeac52aa0d3c49abc5268b671facb54af5": 416.20426254661294,
  "0x25c5cd42ebb19b519b351a17beb6ea19d5c36b23": 7.700117202223815,
  "0xf8ebf4849f1fa4faf0dff2106a173d3a6cb2eb3a": 1.27807171159149,
  "0x98a28d205025494e35003ac2a1a7a2dcbc88b9cc": -54.2038235542804,
  "0x3cef3fc3e7a792ceebefcc194604fd007568302a": 15.027769041926792,
  "0x1c1947363abd54133f9234c206ec2e08196dbc06": 14.116614227905904,
  "0x34c778cee4dcf513527ed406de72f1951bfd82e2": 13.970076544193304,
  "0xff56762bbd28d16c731ab4f93025ad5801281bf1": 31.52931849622312,
  "0xad3742144baf0080301337dbf0b4cbde4f816c3b": 110.42023296579467,
  "0x6739d08ec31852707cd1dcc998da53524d99258e": -39.6235940743736,
  "0x87452acce52432296632976a99948a6c5844ad3e": -51.03978536473059,
  "0x3722999af49d86cd67d2152f0adde462a1b2f763": -52.68188142672805,
  "0x337f1a919edf07a9575ebc5b798b0462eb28a097": 3.6660673875587517
}
