{
  "0xc94f669b8f0f68784d078138ed06e471ae68f861": -1440.4453555953446,
  "0xf4285e2805b009be55705211f0706b68f493df1b": 1228.0457933143584,
  "0x4c470489123e1db7e818f087403c6e194526e2ef": -362.2591004273509,
  "0x46e345ae00bbb8beade3c7d5cac19ba14d567a90": 1300.0778479568853,
  "0xe011cae693dea3631ad29eb04acabf31855a35af": -81.21125176785166,
  "0xed77db59483039dd67701967aa5294060c412720": -26.882375229005817,
  "0xbd80f57bf63ac600e29811d3fe8cc50052df3760": -432.2989689567421,
  "0x8dfc8cc3201425669fae803e1eb125cddd4189ec": 791.388670675735,
  "0xc96bc766056e6ea087879f4831ad6509240f04ff": -485.3210342867394,
  "0x8efca35d29bb7224ed765445ace1f628d4bb5177": 85.00871931311957,
  "0x2aced7f3a5cf3d57af0ff2542ead5ed9333263d6": -59.76413107024844,
  "0xcb8f52565f614db1c61f943fed42b4b26366e696": -159.25171180984765,
  "0x58dd24af9ad7e5b660f7d1e500799bed0cb53aac": -5.2121797724188355,
  "0xfc0caf39416683e5699d3f1d30eb7dc1e3fa05b3": -127.39158433915156,
  "0x936b8eab3392553266f07647288c9d5a1a1fae19": 7.607535763598605,
  "0xae29e83b4f2aea0670ad946116f437d654186709": 64.13097010613399,
  "0x23ab837b93aa9e00fd5287e23b4f91b627799f87": -16.250054888881266,
  "0x93b2852ce4696b83d935f3fac2382bbadb0b8952": -65.29138346060199,
  "0x6c1c61c26f8bf0834ceed7dc3dd68c1e92033ae1": -437.15938699001475,
  "0xc772bbc7574d2e5f7ca687630afd69dc7ad270f7": -1223.9550560384075,
  "0x39ba71cd075eb64b0aac95d83e658968fb0cf2be": -299.0458866622089,
  "0x685fb6960ea7f7b24f02e17c8d893b8c33239d48": -166.85926484693476,
  "0x735f7319604bdf6301c7d42afdb4f48af6259bc9": -287.4346311013364,
  "0x155c4903bc610bf83e0635208f788ca049fc292f": -135.7078948099678,
  "0xa3bba0c190076f9231bf8b5c8972444276b32268": -226.7280037535496,
  "0x91f91cf084686c62281f51a01b74074678ba43db": -19.755990008713837,
  "0x0c55eb4dd0aeb7f211f6c2885b15b028a6dc60f5": -461.90638468854837,
  "0x07e3889849f86cfc8039d9eafe1c8c6dbbd548c7": 59.16639686658996,
  "0x417900161b21288245d0194e846b5c52067917e9": -181.51806136586626,
  "0x6bcc6b7e881b02b0bc99b948996904fb29f58112": -139.62456198303295,
  "0x733da991ea1fc36cc7bfc57f64d9c59d8c73e038": 633.2664413514239,
  "0x4df426ff3991121ad292c8e0340c9fd596016f70": 31.958682660142937
}
