{
  "0xd9595d33fadaf7c63607b1d57001287a0ea8a7ea": -549.6737841632928,
  "0xd95b85374c81beb44d16a5c9ce06893766841348": -977.1888890340714,
  "0xfa99e1c98868f392704b7395ece5d66cb9041bc8": -109.02382947257877,
  "0xc252915bb43f68c2b2b2f5ee50646e65e446b2c4": 514.7786811775278,
  "0xc7fb664d287a837981ad865faac66cdaf69fb262": -798.2700406846316,
  "0x24cf68a07bcbf66ad6e6ee0c05823715963e92d4": 166.49046398557132,
  "0xded6175c26f5c791b42a54cc993996277f1ae45b": -1171.9683688643083,
  "0x4d1863901159bfa39e3097b865dd5a42cc8e6100": -679.480135789406,
  "0xf7cd4ec76ad1114fe6d1a48ab925ae0f95bc4601": 310.19968166587387,
  "0xc15ecfe8e11c6a1d8b51bd29e6866fea005bf943": -441.95250120062144,
  "0xc07259b8e17de2b2107251b9e310940107b8216d": 102.17000285884603,
  "0x7f75e59c4f1dabe44eb2285d3ba4252ab01f3fb9": 102.17000285884603,
  "0x6f3277ad0782a7da3eb676b85a8346a100bf9c1c": -528.9914860557416,
  "0xa52bffad02b1fe3f86a543a4e81962d3b3bb01a7": -52.87978606955812,
  "0x0ced6171ab24bfe5aa79b0d0eca26c1449896c6d": 24.959327509838054,
  "0x1d82bf9f414ad6d7f1e214021f8c3bd8df1ec6c8": -584.6152816188115
}
