{
  "0x4236f8aaf2b1f3a28420eb15b8e0ddf63201a95e": 602.2988004651254,
  "0x6eea14f3e81c67172b6bdd55f250ce721cbd3b46": -392.90228012506975,
  "0x8eb94a06b4716093dbfe335cbdb098deb2dcde1b": -42.66612781874426,
  "0x21e813373f0713b155ccc684e3bfe1ec4e0efc68": -18.931938093662268,
  "0x0eba222817e82da26c6416104c15b5d121c36aef": 202.76556302790868,
  "0x57216a946c65f3103beb0c2b90cfa0e24486b0ac": -533.4497068731868,
  "0x95493253299274d7298d6f8f1830fb43939b5fec": 592.8906403706987,
  "0xfa52aed72100f36cfa6fe6679903ecab184a8ff3": 609.9506787450541,
  "0xaf1101113aa107175a6a8740b5cb534ffa9dd3c6": -321.23676888377616,
  "0xd56b109c2f30f9f226fd1bcfefe219e7cfe78e93": 1751.4016929794175,
  "0x883eaedcf684391439376b6f9244fbb864e4746e": -229.83732576662436,
  "0x56dea262562b4795a9e34624ece150341d61cd21": -284.82702562980273,
  "0x37f760f14fe8d1f41aaed44c4196d0bdd9637e70": -276.64615028938965,
  "0x2238796fb82aa4e989a1e96bfd0c4412550c4904": -697.2524529738184,
  "0x7f88e5bbd6e32bf62a78aebd7a09363c712da564": 169.06111426321672,
  "0x55acfe3481a05316909429143805594c1b1a091a": 578.6979924420422,
  "0x7d2ce16e44a5a152228cc227b81d0a02565f578e": 578.6979924420422,
  "0x1cbc7bff57c17078cdcc71335a1c35c61b6f11f1": -318.3667482109479,
  "0xef89da1b7fec88790d645689d2f7072c7b8bb299": 864.8300731070374,
  "0x2440fb6ae95cb820ee0f9e51bee8b51f3c607d06": 2272.5361529898046,
  "0x01d617c23088cf921961a42ff5991d582d460c00": -470.04109126621995,
  "0xbef7071b5824760618fa1763581bc3259bc6ca3a": -540.2179654869609,
  "0x9e18d5bab2fa94a6a95f509ecb38f8f68322abd3": -546.165294563194,
  "0x01359e1b57cc3944b77746b899adf382e7722195": -20.665009517907833,
  "0x396b284be3c2351b4fa4ab70f08ef4deedd513e3": -62.802563822598735,
  "0xf522c33da737e1fef76a894c11cac1a4200724e7": -406.54830266738253,
  "0xb4615aad766f6de3c55330099e907ff7f13f1582": 4976.805578725049
}
