{
  "0x49220fac18561ed7eed577683c9c5891f54c9292": -25.41461556375757,
  "0xb0be3d5561244a6e469ec83db29b11a6268b65b9": -48.58584413970462,
  "0x6ed75036f4ca4531755a933ad23dd53b5506a1b9": 41.71380020602927,
  "0xd186920b0e1130ba8dd9ac669c6177ec09ac4487": -16.192156239590286,
  "0x2cde779d86f9bba6781780f517866fe2c7e036d7": 21.875208775416418,
  "0xc2e28ee31552a75418630efd314cd17c75e940e4": 32.2866871009049,
  "0x33adac4a267e6331cbb4e131a384722cdac5aef3": 7.757330994638553,
  "0x78d4b08318085f3ae07986256dd54a85f130a779": 284.07161881896104,
  "0xa48f3422a740db4135f83d7bb186ccdae22919c5": -8.868185487473676,
  "0x4558e826d680c77d10e51e5c639b7c534f14410a": -19.05954633240719,
  "0xb90ca0199b5cf4ffb04833ace727c6cc5c3e29a2": 34.81706940551709,
  "0x1e8e29ca51363d923725ab9dac73bd7e9c440f71": 35.718770233796036,
  "0x205ff367efc685e0786d6f2d37da5f99abbe9f5e": 11.975532464490867,
  "0x376401ffffeecf9c74219515709253bd8e9dcb95": -37.19226109479287,
  "0xbcd5c23acc737601ab28662103117812d2926a81": -59.3234798682604,
  "0x3db70c3552eec93219a16b6773218670de538d4d": -14.138519338674204,
  "0x0c6bf55f60143fa1da202ac8c9b8ce484b5a5d90": -51.409236764277466,
  "0x278895643573e94d185dcc646e3ed34fb5c7cb12": 129.24483778489832,
  "0xbb326d22f72805d2b6009963d8341cdf0e607923": 88.4180585532062,
  "0xc39a048353842caf1b94ce5967a04149bb435b98": 133.75043909437653,
  "0xfe98c2b85caafe841ca7fa8b3b912a178a3f68ed": -20.27134349788811,
  "0xd269ae4e9ae02344c91cb6b681dcd4df593e5fba": -9.215701487898894,
  "0x8eecaad83a1ea77bd88a818d4628fafc4cad7969": 106.65600999381775,
  "0x1a9e886bb30ae1d2e3fb06624d77ffc8d4660981": -39.98909075803855,
  "0xa980aad900e6af90efde25f64e4e83f4ed6f96c1": -0.4342130668745085,
  "0xb4c287b147f4d51e2d7d1eda9ee833bd5f15d34d": -72.00793078336683,
  "0xfe40d3881ef1d63ce442bd354e24d9ca541db501": -50.42639851530534,
  "0x89c1e5bb8b0bfb31d10f1ab141597cccdc552ed1": 197.9263653931548,
  "0xcc7f6ac8b6020c5d2b3874e2abb120ceb8119730": -27.536884312185073,
  "0xa433bbe3091fb46be279f23bb2f3f4f7bd652128": -27.507255246784222,
  "0x4a72b232be534a532fdc39df12f938c01ee8fd31": 6.639297405932064,
  "0x492e09f49fe8d2fafbcc584c2befa5fbc06f94a6": -53.84744794456468,
  "0x7226d28b5ac572e24f4d59717bbecc43076198c1": -16.080668601298807,
  "0x9db3038ba19ea944cd8cf01931d086e1ab1b9145": -25.61359664529446,
  "0x16b116aecff299692a0a17b6ffac66d8ffffedac": -9.554372225096245,
  "0x43fa45863a98cdebc74ad1f745936fc269b3164e": -28.013685249493765,
  "0xd8ce941666e429bbd969c1af11f474b505c69bc5": -19.802235682741358,
  "0x01d617c23088cf921961a42ff5991d582d460c00": -7.53857277938175
}
