,address,balance,share,isContract
0,0x77a53d7de0673bcaa965711414ba967a1fcbf403,1.3412931903372973e+20,13.41,True
11,0xd8a4b3f4afd16eed638cbbd19d5801a5735c0930,2.0824828468252877e+19,2.08,True
